Workbook

Sheet T01
B1: CÔNG TY CP THUỶ SẢN SÓC TRĂNG | AI1: BM: 19-XNTL
B2: Đơn vị: XN TÂN LONG | AI2: TC: 00
B3: Bộ phận: VPXN - Tổ IT | AI3: NBH: 15/12/2024
B4: BIỂU MẪU THEO DÕI LÃNH, CẤP PHÁT SỬ DỤNG, TỒN MỰC IN, GIẤY, THẺ, RUY BĂNG
B5: THÁNG: 01/2026
B6: - Căn cứ vào định mức sử dụng mực in, giấy, thẻ, ruy băng (tối đa) tại XNTL của Lãnh đạo XNTL ký ngày 13/06/2025 ;
B7: - Căn cứ vào Phiếu đề nghị lãnh thẻ (BM:01PX-KTVT) số TLOVPX-026 ngày 05/01/2026
B8: Bộ phận thực hiện theo dõi như sau:
B10: STT | C10: TÊN VẬT TƯ | D10: ĐỊNH MỨC SỬ DỤNG QUY ĐỊNH | E10: ĐƠN VỊ TÍNH | F10: TỒN ĐẦU KỲ | G10: KẾ HOẠCH/ĐỀ NGHỊ LÃNH | T10: CẤP PHÁT/ SỬ DỤNG | AJ10: TỒN CUỐI KỲ | AK10: Ghi chú
F11: Số lượng | G11: Số lượng | T11: Số lượng | AJ11: Số lượng (cái)
G12: Ngày 3/1 | H12: Ngày 4/1 | I12: Ngày 6/1 (Lãnh từ kho vật tư) | J12: Ngày 7/1 | K12: Ngày 9/1 | L12: Ngày 10/1 | M12: Ngày 14/1 | N12: Ngày 19/1 | O12: Ngày 20/1 | P12: Ngày 23/1 | Q12: Ngày 24/1 | R12: Ngày 25/1 | S12: Tổng đề nghị lãnh | T12: Ngày 3/1 | U12: Ngày 6/1 | V12: Ngày 8/1 | W12: Ngày 10/1 | X12: Ngày 12/1 | Y12: Ngày 15/1 | Z12: Ngày 18/1 | AA12: Ngày 19/1 | AB12: Ngày 20/1 | AC12: Ngày 21/1 | AD12: Ngày 23/1 | AE12: Ngày 24/1 | AF12: Ngày 25/1 | AG12: Ngày 26/1 | AH12: Ngày 31/1 | AI12: Tổng cấp phát
B13: (1) | C13: (2) | D13: (3) | E13: (4) | F13: (5) | G13: (6.1) | H13: (6.2) | I13: (6.3) | J13: (6.4) | K13: (6.5) | L13: (6.6) | M13: (6.7) | N13: (6.8) | O13: (6.9) | P13: (6.10) | Q13: (6.11) | R13: (6.12) | S13: (6)=∑(6.i) | T13: (7.1) | U13: (7.2) | V13: (7.3) | W13: (7.4) | X13: (7.5) | Y13: (7.7) | Z13: (7.8) | AA13: (7.9) | AB13: (7.10) | AC13: (7.11) | AD13: (7.12) | AE13: (7.13) | AF13: (7.14) | AG13: (7.15) | AH13: (7.16) | AI13: (7)=∑(7.i) | AJ13: (8)=(5)+(6)-(7) | AK13: (9)
B14: 1 | C14: Thẻ cảm ứng dùng cho máy chấm công Mifare 13.56 Mhz | E14: Cái | F14: =350 -> 350 | G14: =3*3+4*3+4+4*4 -> 41 | H14: 2 | I14: 1000 | J14: 8 | K14: 12 | L14: 20 | M14: =4*3 -> 12 | N14: 39 | O14: =4+4+4+4+4 -> 20 | P14: 2 | Q14: =4*2+4*4+9+4 -> 37 | R14: 9 | S14: =SUM(G14:R14) -> 1202 | T14: 4 | U14: =88*3-4+6+4*2 -> 274 | V14: 4 | W14: 4 | X14: =6*4 -> 24 | Y14: =4+3 -> 7 | Z14: 4 | AA14: 26 | AB14: 4 | AC14: =4*5+3*2 -> 26 | AD14: =3+4*4+2 -> 21 | AE14: =9 -> 9 | AF14: 9 | AG14: 15 | AH14: =4*3 -> 12 | AI14: =SUM(T14:AH14) -> 443 | AJ14: =F14+S14-AI14 -> 1109 | AK14: Có đề nghị lãnh 1000 thẻ từ kho vật tư theo BM:01PX-KTVT số TLOVPX-026 ngày 06/01/2026 và Thu hồi từ các khâu
B15: TC | F15: =F14 -> 350 | G15: =G14 -> 41 | H15: =H14 -> 2 | I15: =I14 -> 1000 | J15: =J14 -> 8 | K15: =K14 -> 12 | L15: =L14 -> 20 | M15: =M14 -> 12 | ... AJ15: =AJ14 -> 1109
F16: Nhóm Trưởng | S16: Người báo cáo
F20: Hà Lương Xuân Bách
S21: Nguyễn Trung Tín
B22: * Ghi chú:
B23: - Cột (3) Định mức sử dụng tối đa của Bộ phận/ Khâu được BGĐXN xét duyệt.
B24: - Cột (4) Đơn vị tính của từng loại vật tư theo dõi
B25: - Cột (5) Tồn đầu kỳ của tháng trước được mang sang.
B26: - Cột (6) Số lượng đề nghị lãnh tương ứng với từng khoảng thời gian yêu cầu của các Bộ phận/ Khâu sử dụng được nhận từ Văn Phòng XN
B27: - Cột (7) Số lượng cấp phát sử dụng tại Bộ phận/ Khâu.
B28: - Cột (8) = (5)+(6)-(7) Số lượng cuối kỳ của Bộ phận/ Khâu.
B29: - Khâu/ Bộ phận có phát sinh sử dụng gửi báo cáo theo dõi về Văn phòng XN trước ngày 05 hàng tháng.

Sheet T02
B1: CÔNG TY CP THUỶ SẢN SÓC TRĂNG | Y1: BM: 19-XNTL
B2: Đơn vị: XN TÂN LONG | Y2: TC: 00
B3: Bộ phận: VPXN - Tổ IT | Y3: NBH: 15/12/2024
B4: BIỂU MẪU THEO DÕI LÃNH, CẤP PHÁT SỬ DỤNG, TỒN MỰC IN, GIẤY, THẺ, RUY BĂNG
B5: THÁNG: 02/2026
B6: - Căn cứ vào định mức sử dụng mực in, giấy, thẻ, ruy băng (tối đa) tại XNTL của Lãnh đạo XNTL ký ngày 13/06/2025 ;
B7: Bộ phận thực hiện theo dõi như sau:
B9: STT | C9: TÊN VẬT TƯ | D9: ĐỊNH MỨC SỬ DỤNG QUY ĐỊNH | E9: ĐƠN VỊ TÍNH | F9: TỒN ĐẦU KỲ | G9: KẾ HOẠCH/ĐỀ NGHỊ LÃNH | P9: CẤP PHÁT/ SỬ DỤNG | Z9: TỒN CUỐI KỲ | AA9: Ghi chú
F10: Số lượng | G10: Số lượng | O10: Số lượng | Z10: Số lượng (cái)
G11: Ngày 1/2 | H11: Ngày 4/2 | I11: Ngày 10/2 | J11: Ngày 11/2 | K11: Ngày 23/2 | L11: Ngày 26/2 | M11: Ngày 27/2 | N11: Ngày 28/2 | O11: Tổng đề nghị lãnh | P11: Ngày 1/2 | Q11: Ngày 2/2 | R11: Ngày 4/2 | S11: Ngày 6/2 | T11: Ngày 9/2 | U11: Ngày 24/2 | V11: Ngày 25/2 | W11: Ngày 27/2 | X11: Ngày 28/2 | Y11: Tổng cấp phát
B12: (1) | C12: (2) | D12: (3) | E12: (4) | F12: (5) | G12: (6.1) | H12: (6.2) | I12: (6.3) | J12: (6.4) | K12: (6.5) | L12: (6.6) | M12: (6.7) | N12: (6.8) | O12: (6)=∑(6.i) | P12: (7.1) | Q12: (7.2) | R12: (7.3) | S12: (7.4) | T12: (7.5) | U12: (7.7) | V12: (7.8) | W12: (7.9) | X12: (7.10) | Y12: (7)=∑(7.i) | Z12: (8)=(5)+(6)-(7) | AA12: (9)
B13: 1 | C13: Thẻ cảm ứng dùng cho máy chấm công Mifare 13.56 Mhz | E13: Cái | F13: ='T01'!AJ14 -> 1109 | G13: 4 | H13: 4 | I13: 8 | J13: 4 | K13: =4*3 -> 12 | L13: =3*3 -> 9 | M13: =4+4*7 -> 32 | N13: =10*3+4*3+2+3*4+5*4+3+2 -> 81 | O13: =SUM(G13:N13) -> 154 | P13: =4*2 -> 8 | Q13: 4 | R13: =4+3 -> 7 | S13: =4+3 -> 7 | T13: 8 | U13: =4+4+4+3+3 -> 18 | V13: =4+4+3+4+8 -> 23 | W13: =4*3+4 -> 16 | X13: =2+ 4*2+3*4+4*3 -> 34 | Y13: =SUM(P13:X13) -> 125 | Z13: =F13+O13-Y13 -> 1138 | AA13: Không đề nghị lãnh. Chỉ thu hồi từ các khâu
B14: TC | F14: =F13 -> 1109 | G14: =G13 -> 4 | H14: =H13 -> 4 | I14: =I13 -> 8 | J14: =J13 -> 4 | K14: =K13 -> 12 | L14: =L13 -> 9 | M14: =M13 -> 32 | N14: =N13 -> 81 | O14: =SUM(G14:N14) -> 154 | P14: =P13 -> 8 | Q14: =Q13 -> 4 | R14: =R13 -> 7 | S14: =S13 -> 7 | T14: =T13 -> 8 | U14: =U13 -> 18 | V14: =V13 -> 23 | W14: =W13 -> 16 | X14: =X13 -> 34 | Y14: =SUM(P14:X14) -> 125 | Z14: =Z13 -> 1138
F15: Nhóm Trưởng | O15: Người báo cáo
F19: Hà Lương Xuân Bách
O20: Nguyễn Trung Tín
B21: * Ghi chú:
B22: - Cột (3) Định mức sử dụng tối đa của Bộ phận/ Khâu được BGĐXN xét duyệt.
B23: - Cột (4) Đơn vị tính của từng loại vật tư theo dõi
B24: - Cột (5) Tồn đầu kỳ của tháng trước được mang sang.
B25: - Cột (6) Số lượng đề nghị lãnh tương ứng với từng khoảng thời gian yêu cầu của các Bộ phận/ Khâu sử dụng được nhận từ Văn Phòng XN
B26: - Cột (7) Số lượng cấp phát sử dụng tại Bộ phận/ Khâu.
B27: - Cột (8) = (5)+(6)-(7) Số lượng cuối kỳ của Bộ phận/ Khâu.
B28: - Khâu/ Bộ phận có phát sinh sử dụng gửi báo cáo theo dõi về Văn phòng XN trước ngày 05 hàng tháng.

Sheet T03
B1: CÔNG TY CP THUỶ SẢN SÓC TRĂNG | BB1: BM: 19-XNTL
B2: Đơn vị: XN TÂN LONG | BB2: TC: 00
B3: Bộ phận: VPXN - Tổ IT | BB3: NBH: 15/12/2024
B4: BIỂU MẪU THEO DÕI LÃNH, CẤP PHÁT SỬ DỤNG, TỒN MỰC IN, GIẤY, THẺ, RUY BĂNG
B5: THÁNG: 03/2026
B6: - Căn cứ vào định mức sử dụng mực in, giấy, thẻ, ruy băng (tối đa) tại XNTL của Lãnh đạo XNTL ký ngày 13/06/2025 ;
B7: Bộ phận thực hiện theo dõi như sau:
B9: STT | C9: TÊN VẬT TƯ | D9: ĐỊNH MỨC SỬ DỤNG QUY ĐỊNH | E9: ĐƠN VỊ TÍNH | F9: TỒN ĐẦU KỲ | G9: KẾ HOẠCH/ĐỀ NGHỊ LÃNH | AA9: CẤP PHÁT/ SỬ DỤNG | BC9: TỒN CUỐI KỲ | BD9: Ghi chú
F10: Số lượng | G10: Số lượng | AA10: Số lượng | BC10: Số lượng (cái)
G11: Ngày 1/3 | H11: Ngày 3/3 | I11: Ngày 4/3 | J11: Ngày 5/3 | K11: Ngày 7/3 | L11: Ngày 8/3 | M11: Ngày 9/3 | N11: Ngày 11/3 | O11: Ngày 16/3 | P11: Ngày 19/3 | Q11: Ngày 20/3 | R11: Ngày 21/3 | S11: Ngày 23/3 | T11: Ngày 24/3 | U11: Ngày 26/3 | V11: Ngày 27/3 | W11: Ngày 28/3 | X11: Ngày 29/3 | Y11: Ngày 31/3 | Z11: Tổng đề nghị lãnh | AA11: Ngày 2/3 | AB11: Ngày 3/3 | AC11: Ngày 4/3 | AD11: Ngày 5/3 | AE11: Ngày 6/3 | AF11: Ngày 7/3 | AG11: Ngày 8/3 | AH11: Ngày 9/3 | AI11: Ngày 10/3 | AJ11: Ngày 11/3 | AK11: Ngày 12/3 | AL11: Ngày 13/3 | AM11: Ngày 14/3 | AN11: Ngày 16/3 | AO11: Ngày 17/3 | AP11: Ngày 18/3 | AQ11: Ngày 19/3 | AR11: Ngày 20/3 | AS11: Ngày 21/3 | AT11: Ngày 22/3 | AU11: Ngày 23/3 | AV11: Ngày 24/3 | AW11: Ngày 26/3 | AX11: Ngày 27/3 | AY11: Ngày 28/3 | AZ11: Ngày 30/3 | BA11: Ngày 31/3 | BB11: Tổng cấp phát
B12: (1) | C12: (2) | D12: (3) | E12: (4) | F12: (5) | G12: (6.1) | H12: (6.2) | I12: (6.3) | J12: (6.4) | K12: (6.5) | L12: (6.6) | M12: (6.7) | N12: (6.8) | O12: (6.9) | P12: (6.10) | Q12: (6.11) | R12: (6.12) | S12: (6.13) | T12: (6.14) | U12: (6.15) | V12: (6.16) | W12: (6.17) | X12: (6.18) | Y12: (6.19) | Z12: (6)=∑(6.i) | AA12: (7.1) | AB12: (7.2) | AC12: (7.3) | AD12: (7.4) | AE12: (7.5) | AF12: (7.7) | AG12: (7.8) | AH12: (7.9) | AI12: (7.10) | AJ12: (7.11) | AK12: (7.12) | AL12: (7.13) | AM12: (7.14) | AN12: (7.15) | AO12: (7.16) | AP12: (7.17) | AQ12: (7.18) | AR12: (7.19) | AS12: (7.20) | AT12: (7.21) | AU12: (7.22) | AV12: (7.23) | AW12: (7.24) | AX12: (7.25) | AY12: (7.26) | AZ12: (7.27) | BA12: (7.28) | BB12: (7)=∑(7.i) | BC12: (8)=(5)+(6)-(7) | BD12: (9)
B13: 1 | C13: Thẻ cảm ứng dùng cho máy chấm công Mifare 13.56 Mhz | E13: Cái | F13: ='T02'!Z13 -> 1138 | G13: =4*3 -> 12 | H13: =4*2+3 -> 11 | I13: =8 -> 8 | J13: =12 -> 12 | K13: =3*3+4*3+3*4+4*2+5+4*2 -> 54 | L13: 3 | M13: =4*4 -> 16 | N13: 1 | O13: =7*4+4*2 -> 36 | P13: =4*3 -> 12 | Q13: =4+1 -> 5 | R13: =4*6+2*3 -> 30 | S13: =4*2+3 -> 11 | T13: =4+4+4+3 -> 15 | U13: =4*2 -> 8 | V13: 3 | W13: =3*5 -> 15 | X13: 4 | Y13: =8+8 -> 16 | Z13: =SUM(G13:Y13) -> 272 | AA13: =4*3+2+1+2 -> 17 | AB13: =8+6*4 -> 32 | AC13: =2+4*4+3*3 -> 27 | AD13: =11 -> 11 | AE13: =5 -> 5 | AF13: =4 -> 4 | AG13: =3+4+3+4*7+3*2+3 -> 47 | AH13: 8 | AI13: =4*7 -> 28 | AJ13: 1 | AK13: 4 | AL13: =3+4 -> 7 | AM13: =4+4+3 -> 11 | AN13: =4*4+3*2 -> 22 | AO13: =4*3 -> 12 | AP13: =3+4+2 -> 9 | AQ13: =4*3 -> 12 | AR13: =3+4*2+1 -> 12 | AS13: =4*2+3*3 -> 17 | AT13: =4*2 -> 8 | AU13: =4+3+3 -> 10 | AV13: =3*4+7 -> 19 | AW13: =4*5+9+6 -> 35 | AX13: 3 | AY13: =7+4*3 -> 19 | AZ13: 7 | BA13: 7 | BB13: =SUM(AA13:BA13) -> 394 | BC13: =F13+Z13-BB13 -> 1016 | BD13: Không đề nghị lãnh. Chỉ thu hồi từ các khâu. Thẻ trắng: 571. Thẻ đã khắc 445.
B14: TC | F14: =F13 -> 1138 | G14: =G13 -> 12 | H14: =4*2+3 -> 11 | I14: =H13 -> 11 | J14: =J13 -> 12 | K14: =K13 -> 54 | L14: =L13 -> 3 | M14: =M13 -> 16 | N14: =N13 -> 1 | O14: =O13 -> 36 | P14: =P13 -> 12 | Q14: =Q13 -> 5 | ... BC14: =BC13 -> 1016
F15: Nhóm Trưởng | AO15: Người báo cáo
E19: Hà Lương Xuân Bách
AO20: Nguyễn Trung Tín
B21: * Ghi chú:
B22: - Cột (3) Định mức sử dụng tối đa của Bộ phận/ Khâu được BGĐXN xét duyệt.
B23: - Cột (4) Đơn vị tính của từng loại vật tư theo dõi
B24: - Cột (5) Tồn đầu kỳ của tháng trước được mang sang.
B25: - Cột (6) Số lượng đề nghị lãnh tương ứng với từng khoảng thời gian yêu cầu của các Bộ phận/ Khâu sử dụng được nhận từ Văn Phòng XN
B26: - Cột (7) Số lượng cấp phát sử dụng tại Bộ phận/ Khâu.
B27: - Cột (8) = (5)+(6)-(7) Số lượng cuối kỳ của Bộ phận/ Khâu.
B28: - Khâu/ Bộ phận có phát sinh sử dụng gửi báo cáo theo dõi về Văn phòng XN trước ngày 05 hàng tháng.

Sheet T04
B1: CÔNG TY CP THUỶ SẢN SÓC TRĂNG | AP1: BM: 19-XNTL
B2: Đơn vị: XN TÂN LONG | AP2: TC: 00
B3: Bộ phận: VPXN - Tổ IT | AP3: NBH: 15/12/2024
B4: BIỂU MẪU THEO DÕI LÃNH, CẤP PHÁT SỬ DỤNG, TỒN MỰC IN, GIẤY, THẺ, RUY BĂNG
B5: THÁNG: 04/2026
B6: - Căn cứ vào định mức sử dụng mực in, giấy, thẻ, ruy băng (tối đa) tại XNTL của Lãnh đạo XNTL ký ngày 13/06/2025 ;
B7: Bộ phận thực hiện theo dõi như sau:
B9: STT | C9: TÊN VẬT TƯ | D9: ĐỊNH MỨC SỬ DỤNG QUY ĐỊNH | E9: ĐƠN VỊ TÍNH | F9: TỒN ĐẦU KỲ | G9: KẾ HOẠCH/ĐỀ NGHỊ LÃNH | X9: CẤP PHÁT/ SỬ DỤNG | AQ9: TỒN CUỐI KỲ | AR9: Ghi chú
F10: Số lượng | G10: Số lượng | W10: Số lượng | AQ10: Số lượng (cái)
G11: Ngày 1/4 | H11: Ngày 3/4 | I11: Ngày 6/4 | J11: Ngày 7/4 | K11: Ngày 8/4 | L11: Ngày 9/4 | M11: Ngày 10/4 | N11: Ngày 11/4 | O11: Ngày 14/4 | P11: Ngày 17/4 | Q11: Ngày 18/4 | R11: Ngày 21/4 | S11: Ngày 22/4 | T11: Ngày 23/4 | U11: Ngày 27/4 | V11: Ngày 28/4 | W11: Tổng đề nghị lãnh | X11: Ngày 1/4 | Y11: Ngày 2/4 | Z11: Ngày 3/4 | AA11: Ngày 5/4 | AB11: Ngày 6/4 | AC11: Ngày 7/4 | AD11: Ngày 8/4 | AE11: Ngày 11/4 | AF11: Ngày 12/4 | AG11: Ngày 15/4 | AH11: Ngày 16/4 | AI11: Ngày 17/4 | AJ11: Ngày 18/4 | AK11: Ngày 21/4 | AL11: Ngày 22/4 | AM11: Ngày 23/4 | AN11: Ngày 26/4 | AO11: Ngày 30/4 | AP11: Tổng cấp phát
B12: (1) | C12: (2) | D12: (3) | E12: (4) | F12: (5) | G12: (6.1) | H12: (6.2) | I12: (6.3) | J12: (6.4) | K12: (6.5) | L12: (6.6) | M12: (6.7) | N12: (6.8) | O12: (6.9) | P12: (6.10) | Q12: (6.11) | R12: (6.12) | S12: (6.13) | T12: (6.14) | U12: (6.15) | V12: (6.16) | W12: (6)=∑(6.i) | X12: (7.1) | Y12: (7.2) | Z12: (7.3) | AA12: (7.4) | AB12: (7.5) | AC12: (7.6) | AD12: (7.7) | AE12: (7.8) | AF12: (7.9) | AG12: (7.10) | AH12: (7.11) | AI12: (7.12) | AJ12: (7.13) | AK12: (7.14) | AL12: (7.15) | AM12: (7.16) | AN12: (7.17) | AO12: (7.18) | AP12: (7)=∑(7.i) | AQ12: (8)=(5)+(6)-(7) | AR12: (9)
B13: 1 | C13: Thẻ cảm ứng dùng cho máy chấm công Mifare 13.56 Mhz | E13: Cái | F13: ='T03'!BC13 -> 1016 | G13: =44+35+36+26+12+8+47+10+21+21+18+9+2+3+3+45+57+29+10+8+9+2+2+1+5+3+56+2+4+1+3+6+2+9+4+15+7+4+36+65+5+(7+7+7+3)+(5) -> 714 | H13: =3*5+6 -> 21 | I13: =6+1 -> 7 | J13: =5*3 -> 15 | K13: =3*3 -> 9 | L13: =3*3 -> 9 | M13: 6 | N13: 1 | O13: =3*9 -> 27 | P13: 3 | Q13: =9+2 -> 11 | R13: =3*8 -> 24 | S13: =3*7 -> 21 | T13: =7*3 -> 21 | U13: =4*3 -> 12 | V13: =3 -> 3 | W13: =SUM(G13:V13) -> 904 | X13: =3+3 -> 6 | Y13: 6 | Z13: =6+6 -> 12 | AA13: 9 | AB13: =1+3 -> 4 | AC13: =7*3 -> 21 | AD13: =3*9 -> 27 | AE13: =1 -> 1 | AF13: =3 -> 3 | AG13: 6 | AH13: 6 | AI13: =3*3 -> 9 | AJ13: =3+2 -> 5 | AK13: =3*7 -> 21 | AL13: 3 | AM13: =11*3+3 -> 36 | AN13: =3*3 -> 9 | AO13: 50 | AP13: =SUM(X13:AO13) -> 234 | AQ13: =F13+W13-AP13 -> 1686 | AR13: Không đề nghị lãnh. Chỉ thu hồi từ các khâu. Thu hồi mỗi nhóm 1 thẻ từ PTO và CIS lạnh: 685 thẻ. Ngày 30/04/2026 đề nghị thanh lý 50 thẻ. Tổng số thẻ trắng 562, thẻ đã khắc 1124.
B14: TC | F14: =F13 -> 1016 | G14: =G13 -> 714 | H14: =H13 -> 21 | I14: =I13 -> 7 | J14: =J13 -> 15 | K14: =K13 -> 9 | L14: =L13 -> 9 | M14: =M13 -> 6 | ... AQ14: =AQ13 -> 1686
F15: Nhóm Trưởng | W15: Người báo cáo
F19: Hà Lương Xuân Bách
W20: Nguyễn Trung Tín
B21: * Ghi chú:
B22: - Cột (3) Định mức sử dụng tối đa của Bộ phận/ Khâu được BGĐXN xét duyệt.
B23: - Cột (4) Đơn vị tính của từng loại vật tư theo dõi
B24: - Cột (5) Tồn đầu kỳ của tháng trước được mang sang.
B25: - Cột (6) Số lượng đề nghị lãnh tương ứng với từng khoảng thời gian yêu cầu của các Bộ phận/ Khâu sử dụng được nhận từ Văn Phòng XN
B26: - Cột (7) Số lượng cấp phát sử dụng tại Bộ phận/ Khâu.
B27: - Cột (8) = (5)+(6)-(7) Số lượng cuối kỳ của Bộ phận/ Khâu.
B28: - Khâu/ Bộ phận có phát sinh sử dụng gửi báo cáo theo dõi về Văn phòng XN trước ngày 05 hàng tháng.

Sheet T05
B1: CÔNG TY CP THUỶ SẢN SÓC TRĂNG | AZ1: BM: 19-XNTL
B2: Đơn vị: XN TÂN LONG | AZ2: TC: 00
B3: Bộ phận: VPXN - Tổ IT | AZ3: NBH: 15/12/2024
B4: BIỂU MẪU THEO DÕI LÃNH, CẤP PHÁT SỬ DỤNG, TỒN MỰC IN, GIẤY, THẺ, RUY BĂNG
B5: THÁNG: 05/2026
B6: - Căn cứ vào định mức sử dụng mực in, giấy, thẻ, ruy băng (tối đa) tại XNTL của Lãnh đạo XNTL ký ngày 13/06/2025 ;
B7: Bộ phận thực hiện theo dõi như sau:
B9: STT | C9: TÊN VẬT TƯ | D9: ĐỊNH MỨC SỬ DỤNG QUY ĐỊNH | E9: ĐƠN VỊ TÍNH | F9: TỒN ĐẦU KỲ | G9: KẾ HOẠCH/ĐỀ NGHỊ LÃNH | AC9: CẤP PHÁT/ SỬ DỤNG | BA9: TỒN CUỐI KỲ | BB9: Ghi chú
F10: Số lượng | G10: Số lượng | AC10: Số lượng | BA10: Số lượng (cái)
G11: Ngày 2/5 | H11: Ngày 3/5 | I11: Ngày 4/5 | J11: Ngày 6/5 | K11: Ngày 8/5 | L11: Ngày 10/5 | M11: Ngày 11/5 | N11: Ngày 12/5 | O11: Ngày 15/5 | P11: Ngày 17/5 | Q11: Ngày 18/5 | R11: Ngày 19/5 | S11: Ngày 20/5 | T11: Ngày 21/5 | U11: Ngày 22/5 | V11: Ngày 23/5 | W11: Ngày 25/5 | X11: Ngày 26/5 | Y11: Ngày 27/5 | Z11: Ngày 28/5 | AA11: Ngày 30/5 | AB11: Tổng đề nghị lãnh | AC11: Ngày 2/5 | AD11: Ngày 4/5 | AE11: Ngày 5/5 | AF11: Ngày 6/5 | AG11: Ngày 7/5 | AH11: Ngày 8/5 | AI11: Ngày 9/5 | AJ11: Ngày 10/5 | AK11: Ngày 11/5 | AL11: Ngày 13/5 | AM11: Ngày 15/5 | AN11: Ngày 16/5 | AO11: Ngày 18/5 | AP11: Ngày 20/5 | AQ11: Ngày 21/5 | AR11: Ngày 22/5 | AS11: Ngày 23/5 | AT11: Ngày 25/5 | AU11: Ngày 26/5 | AV11: Ngày 27/5 | AW11: Ngày 28/5 | AX11: Ngày 29/5 | AY11: Ngày 31/5 | AZ11: Tổng cấp phát
B12: (1) | C12: (2) | D12: (3) | E12: (4) | F12: (5) | G12: (6.1) | H12: (6.2) | I12: (6.3) | J12: (6.4) | K12: (6.5) | L12: (6.6) | M12: (6.7) | N12: (6.8) | O12: (6.9) | P12: (6.10) | Q12: (6.11) | R12: (6.12) | S12: (6.13) | T12: (6.14) | U12: (6.15) | V12: (6.16) | W12: (6.17) | X12: (6.18) | Y12: (6.19) | Z12: (6.20) | AA12: (6.21) | AB12: (6)=∑(6.i) | AC12: (7.1) | AD12: (7.2) | AE12: (7.3) | AF12: (7.4) | AG12: (7.5) | AH12: (7.7) | AI12: (7.8) | AJ12: (7.9) | AK12: (7.10) | AL12: (7.11) | AM12: (7.12) | AN12: (7.13) | AO12: (7.14) | AP12: (7.15) | AQ12: (7.16) | AR12: (7.17) | AS12: (7.18) | AT12: (7.19) | AU12: (7.20) | AV12: (7.21) | AW12: (7.22) | AX12: (7.23) | AY12: (7.24) | AZ12: (7)=∑(7.i) | BA12: (8)=(5)+(6)-(7) | BB12: (9)
B13: 1 | C13: Thẻ cảm ứng dùng cho máy chấm công Mifare 13.56 Mhz | E13: Cái | F13: ='T04'!AQ13 -> 1686 | G13: 3 | H13: 3 | I13: =3*3 -> 9 | J13: =3*3 -> 9 | K13: =3*6 -> 18 | L13: =6*2+3*2+3*4 -> 30 | M13: 1 | N13: =3*4 -> 12 | O13: =3*5+2 -> 17 | P13: =3*3 -> 9 | Q13: =3*3 -> 9 | R13: =3*2 -> 6 | S13: 3 | T13: =3*2 -> 6 | U13: 1 | V13: =3*2 -> 6 | W13: =3+1 -> 4 | X13: 3 | Y13: 3 | Z13: =3*2+3*6 -> 24 | AA13: =3*3 -> 9 | AB13: =SUM(G13:AA13) -> 185 | AC13: =3*4 -> 12 | AD13: =3+6+3+3 -> 15 | AE13: 3 | AF13: 3 | AG13: =2*4+3+3 -> 14 | AH13: =2+3 -> 5 | AI13: 3 | AJ13: =3*3 -> 9 | AK13: 1 | AL13: =3*2+1 -> 7 | AM13: =2*3+3 -> 9 | AN13: =3*2 -> 6 | AO13: =3*4 -> 12 | AP13: =3*2 -> 6 | AQ13: =3*2 -> 6 | AR13: =3*3+1 -> 10 | AS13: =3+6*2+3 -> 18 | AT13: =2+3+1 -> 6 | AU13: 9 | AV13: =9+6+3+50 -> 68 | AW13: =2*3+6*4+3*2 -> 36 | AX13: =3*5 -> 15 | AY13: =3+6 -> 9 | AZ13: =SUM(AC13:AY13) -> 282 | BA13: =F13+AB13-AZ13 -> 1589 | BB13: Không đề nghị lãnh. Chỉ thu hồi từ các khâu. Ngày 27/05/2026 thanh lý 50 thẻ hỏng.
B14: TC | F14: =F13 -> 1686 | G14: =G13 -> 3 | H14: =H13 -> 3 | I14: =I13 -> 9 | J14: =J13 -> 9 | K14: =K13 -> 18 | L14: =L13 -> 30 | M14: =M13 -> 1 | ... BA14: =BA13 -> 1589
F15: Nhóm Trưởng | AB15: Người báo cáo
F19: Hà Lương Xuân Bách
AB20: Nguyễn Trung Tín
B21: * Ghi chú:
B22: - Cột (3) Định mức sử dụng tối đa của Bộ phận/ Khâu được BGĐXN xét duyệt.
B23: - Cột (4) Đơn vị tính của từng loại vật tư theo dõi
B24: - Cột (5) Tồn đầu kỳ của tháng trước được mang sang.
B25: - Cột (6) Số lượng đề nghị lãnh tương ứng với từng khoảng thời gian yêu cầu của các Bộ phận/ Khâu sử dụng được nhận từ Văn Phòng XN
B26: - Cột (7) Số lượng cấp phát sử dụng tại Bộ phận/ Khâu.
B27: - Cột (8) = (5)+(6)-(7) Số lượng cuối kỳ của Bộ phận/ Khâu.
B28: - Khâu/ Bộ phận có phát sinh sử dụng gửi báo cáo theo dõi về Văn phòng XN trước ngày 05 hàng tháng.

Sheet T06
B1: CÔNG TY CP THUỶ SẢN SÓC TRĂNG | BR1: BM: 19-XNTL
B2: Đơn vị: XN TÂN LONG | BR2: TC: 00
B3: Bộ phận: VPXN - Tổ IT | BR3: NBH: 15/12/2024
B4: BIỂU MẪU THEO DÕI LÃNH, CẤP PHÁT SỬ DỤNG, TỒN MỰC IN, GIẤY, THẺ, RUY BĂNG
B5: THÁNG: ../..
B6: - Căn cứ vào định mức sử dụng mực in, giấy, thẻ, ruy băng (tối đa) tại XNTL của Lãnh đạo XNTL ký ngày 13/06/2025 ;
B7: Bộ phận thực hiện theo dõi như sau:
B9: STT | C9: TÊN VẬT TƯ | D9: ĐỊNH MỨC SỬ DỤNG QUY ĐỊNH | E9: ĐƠN VỊ TÍNH | F9: TỒN ĐẦU KỲ | G9: KẾ HOẠCH/ĐỀ NGHỊ LÃNH | AM9: CẤP PHÁT/ SỬ DỤNG | BS9: TỒN CUỐI KỲ | BT9: Ghi chú
F10: Số lượng | G10: Số lượng | AM10: Số lượng | BS10: Số lượng (cái)
G11: Ngày 01 | H11: Ngày 02 | I11: Ngày 03 | J11: Ngày 04 | K11: Ngày 05 | L11: Ngày 06 | M11: Ngày 07 | N11: Ngày 08 | O11: Ngày 09 | P11: Ngày 10 | Q11: Ngày 11 | R11: Ngày 12 | S11: Ngày 13 | T11: Ngày 14 | U11: Ngày 15 | V11: Ngày 16 | W11: Ngày 17 | X11: Ngày 18 | Y11: Ngày 19 | Z11: Ngày 20 | AA11: Ngày 21 | AB11: Ngày 22 | AC11: Ngày 23 | AD11: Ngày 24 | AE11: Ngày 25 | AF11: Ngày 26 | AG11: Ngày 27 | AH11: Ngày 28 | AI11: Ngày 29 | AJ11: Ngày 30 | AK11: Ngày 31 | AL11: Tổng đề nghị lãnh | AM11: Ngày 01 | AN11: Ngày 02 | AO11: Ngày 03 | AP11: Ngày 04 | AQ11: Ngày 05 | AR11: Ngày 06 | AS11: Ngày 07 | AT11: Ngày 08 | AU11: Ngày 09 | AV11: Ngày 10 | AW11: Ngày 11 | AX11: Ngày 12 | AY11: Ngày 13 | AZ11: Ngày 14 | BA11: Ngày 15 | BB11: Ngày 16 | BC11: Ngày 17 | BD11: Ngày 18 | BE11: Ngày 19 | BF11: Ngày 20 | BG11: Ngày 21 | BH11: Ngày 22 | BI11: Ngày 23 | BJ11: Ngày 24 | BK11: Ngày 25 | BL11: Ngày 26 | BM11: Ngày 27 | BN11: Ngày 28 | BO11: Ngày 29 | BP11: Ngày 30 | BQ11: Ngày 31 | BR11: Tổng cấp phát
B12: (1) | C12: (2) | D12: (3) | E12: (4) | F12: (5) | G12: (6.1) | H12: (6.2) | I12: (6.3) | J12: (6.4) | K12: (6.5) | L12: (6.6) | M12: (6.7) | N12: (6.8) | O12: (6.9) | P12: (6.10) | Q12: (6.11) | R12: (6.12) | S12: (6.13) | T12: (6.14) | U12: (6.15) | V12: (6.16) | W12: (6.17) | X12: (6.18) | Y12: (6.19) | Z12: (6.20) | AA12: (6.21) | AB12: (6.22) | AC12: (6.23) | AD12: (6.24) | AE12: (6.25) | AF12: (6.26) | AG12: (6.27.) | AH12: (6.28) | AI12: (6.29) | AJ12: (6.30) | AK12: (6.31) | AL12: (6)=∑(6.i) | AM12: (7.1) | AN12: (7.2) | AO12: (7.3) | AP12: (7.4) | AQ12: (7.5) | AR12: (7.6) | AS12: (7.7) | AT12: (7.8) | AU12: (7.9) | AV12: (7.10) | AW12: (7.11) | AX12: (7.12) | AY12: (7.13) | AZ12: (7.14) | BA12: (7.15) | BB12: (7.16) | BC12: (7.17) | BD12: (7.18) | BE12: (7.19) | BF12: (7.20) | BG12: (7.21) | BH12: (7.22) | BI12: (7.23) | BJ12: (7.24) | BK12: (7.25) | BL12: (7.26) | BM12: (7.27) | BN12: (7.28) | BO12: (7.29) | BP12: (7.30) | BQ12: (7.31) | BR12: (7)=∑(7.i) | BS12: (8)=(5)+(6)-(7) | BT12: (9)
B13: 1 | C13: Thẻ cảm ứng dùng cho máy chấm công Mifare 13.56 Mhz | E13: Cái | F13: ='T05'!BA13 -> 1589 | AL13: (6)=∑(6.i) | BR13: =SUM(AM13:BQ13) -> 0 | BS13: =F13+AL13-BR13 -> #VALUE! | BT13: Không đề nghị lãnh. Chỉ thu hồi từ các khâu
B14: TC | F14: =F13 -> 1589 | G14: =G13 -> 0 | H14: =H13 -> 0 | I14: =I13 -> 0 | J14: =J13 -> 0 | K14: =K13 -> 0 | L14: =L13 -> 0 | M14: =M13 -> 0 | ... BS14: =BS13 -> #VALUE!
F15: Nhóm Trưởng | AL15: Người báo cáo
F19: Hà Lương Xuân Bách
AL20: Nguyễn Trung Tín
B21: * Ghi chú:
B22: - Cột (3) Định mức sử dụng tối đa của Bộ phận/ Khâu được BGĐXN xét duyệt.
B23: - Cột (4) Đơn vị tính của từng loại vật tư theo dõi
B24: - Cột (5) Tồn đầu kỳ của tháng trước được mang sang.
B25: - Cột (6) Số lượng đề nghị lãnh tương ứng với từng khoảng thời gian yêu cầu của các Bộ phận/ Khâu sử dụng được nhận từ Văn Phòng XN
B26: - Cột (7) Số lượng cấp phát sử dụng tại Bộ phận/ Khâu.
B27: - Cột (8) = (5)+(6)-(7) Số lượng cuối kỳ của Bộ phận/ Khâu.
B28: - Khâu/ Bộ phận có phát sinh sử dụng gửi báo cáo theo dõi về Văn phòng XN trước ngày 05 hàng tháng.

Sheet T07
B1: CÔNG TY CP THUỶ SẢN SÓC TRĂNG | AK1: BM: 19-XNTL
B2: Đơn vị: XN TÂN LONG | AK2: TC: 00
B3: Bộ phận: VPXN - Tổ IT | AK3: NBH: 15/12/2024
B4: BIỂU MẪU THEO DÕI LÃNH, CẤP PHÁT SỬ DỤNG, TỒN MỰC IN, GIẤY, THẺ, RUY BĂNG
B5: THÁNG: 07/2026
B6: - Căn cứ vào định mức sử dụng mực in, giấy, thẻ, ruy băng (tối đa) tại XNTL của Lãnh đạo XNTL ký ngày 13/06/2025 ;
B7: Bộ phận thực hiện theo dõi như sau:
B9: STT | C9: TÊN VẬT TƯ | D9: ĐỊNH MỨC SỬ DỤNG QUY ĐỊNH | E9: ĐƠN VỊ TÍNH | F9: TỒN ĐẦU KỲ | G9: KẾ HOẠCH/ĐỀ NGHỊ LÃNH | V9: CẤP PHÁT/ SỬ DỤNG | AL9: TỒN CUỐI KỲ | AM9: Ghi chú
F10: Số lượng | G10: Số lượng | U10: Số lượng | AL10: Số lượng (cái)
G11: Ngày 1/11 | H11: Ngày 2/11 | I11: Ngày 3/11 | J11: Ngày 7/11 | K11: Ngày 9/11 | L11: Ngày 11/11 | M11: Ngày 12/11 | N11: Ngày 13/11 | O11: Ngày 15/11 | P11: Ngày 16/11 | Q11: Ngày 22/11 | R11: Ngày 23/11 | S11: Ngày 24/11 | T11: Ngày 27/11 | U11: Tổng đề nghị lãnh | V11: Ngày 1/11 | W11: Ngày 6/11 | X11: Ngày 7/11 | Y11: Ngày 8/11 | Z11: Ngày 10/11 | AA11: Ngày 11/11 | AB11: Ngày 13/11 | AC11: Ngày 14/11 | AD11: Ngày 15/11 | AE11: Ngày 21/11 | AF11: Ngày 23/11 | AG11: Ngày 24/11 | AH11: Ngày 25/11 | AI11: Ngày 27/11 | AJ11: Ngày 28/11 | AK11: Tổng cấp phát
B12: (1) | C12: (2) | D12: (3) | E12: (4) | F12: (5) | G12: (6.1) | H12: (6.2) | I12: (6.3) | J12: (6.4) | K12: (6.5) | L12: (6.6) | M12: (6.7) | N12: (6.8) | O12: (6.9) | P12: (6.10) | Q12: (6.11) | R12: (6.12) | S12: (6.13) | T12: (6.14) | U12: (6)=∑(6.i) | V12: (7.1) | W12: (7.2) | X12: (7.3) | Y12: (7.4) | Z12: (7.5) | AA12: (7.7) | AB12: (7.8) | AC12: (7.9) | AD12: (7.10) | AE12: (7.11) | AF12: (7.12) | AG12: (7.13) | AH12: (7.14) | AI12: (7.15) | AJ12: (7.16) | AK12: (7)=∑(7.i) | AL12: (8)=(5)+(6)-(7) | AM12: (9)
B13: 1 | C13: Thẻ cảm ứng dùng cho máy chấm công Mifare 13.56 Mhz | E13: Cái | F13: ='T06'!BS13 -> #VALUE! | U13: =SUM(G13:T13) -> 0 | AK13: =SUM(V13:AJ13) -> 0 | AL13: =F13+U13-AK13 -> #VALUE! | AM13: Không đề nghị lãnh. Chỉ thu hồi từ các khâu
B14: TC | F14: =F13 -> #VALUE! | G14: =G13 -> 0 | H14: =H13 -> 0 | I14: =I13 -> 0 | J14: =J13 -> 0 | K14: =K13 -> 0 | L14: =L13 -> 0 | M14: =M13 -> 0 | ... AL14: =AL13 -> #VALUE!
F15: Nhóm Trưởng | U15: Người báo cáo
F19: Hà Lương Xuân Bách
U20: Nguyễn Trung Tín
B21: * Ghi chú:
B22: - Cột (3) Định mức sử dụng tối đa của Bộ phận/ Khâu được BGĐXN xét duyệt.
B23: - Cột (4) Đơn vị tính của từng loại vật tư theo dõi
B24: - Cột (5) Tồn đầu kỳ của tháng trước được mang sang.
B25: - Cột (6) Số lượng đề nghị lãnh tương ứng với từng khoảng thời gian yêu cầu của các Bộ phận/ Khâu sử dụng được nhận từ Văn Phòng XN
B26: - Cột (7) Số lượng cấp phát sử dụng tại Bộ phận/ Khâu.
B27: - Cột (8) = (5)+(6)-(7) Số lượng cuối kỳ của Bộ phận/ Khâu.
B28: - Khâu/ Bộ phận có phát sinh sử dụng gửi báo cáo theo dõi về Văn phòng XN trước ngày 05 hàng tháng.

Sheet T08
B1: CÔNG TY CP THUỶ SẢN SÓC TRĂNG | AK1: BM: 19-XNTL
B2: Đơn vị: XN TÂN LONG | AK2: TC: 00
B3: Bộ phận: VPXN - Tổ IT | AK3: NBH: 15/12/2024
B4: BIỂU MẪU THEO DÕI LÃNH, CẤP PHÁT SỬ DỤNG, TỒN MỰC IN, GIẤY, THẺ, RUY BĂNG
B5: THÁNG: 08/2026
B6: - Căn cứ vào định mức sử dụng mực in, giấy, thẻ, ruy băng (tối đa) tại XNTL của Lãnh đạo XNTL ký ngày 13/06/2025 ;
B7: Bộ phận thực hiện theo dõi như sau:
B9: STT | C9: TÊN VẬT TƯ | D9: ĐỊNH MỨC SỬ DỤNG QUY ĐỊNH | E9: ĐƠN VỊ TÍNH | F9: TỒN ĐẦU KỲ | G9: KẾ HOẠCH/ĐỀ NGHỊ LÃNH | V9: CẤP PHÁT/ SỬ DỤNG | AL9: TỒN CUỐI KỲ | AM9: Ghi chú
F10: Số lượng | G10: Số lượng | U10: Số lượng | AL10: Số lượng (cái)
G11: Ngày 1/11 | H11: Ngày 2/11 | I11: Ngày 3/11 | J11: Ngày 7/11 | K11: Ngày 9/11 | L11: Ngày 11/11 | M11: Ngày 12/11 | N11: Ngày 13/11 | O11: Ngày 15/11 | P11: Ngày 16/11 | Q11: Ngày 22/11 | R11: Ngày 23/11 | S11: Ngày 24/11 | T11: Ngày 27/11 | U11: Tổng đề nghị lãnh | V11: Ngày 1/11 | W11: Ngày 6/11 | X11: Ngày 7/11 | Y11: Ngày 8/11 | Z11: Ngày 10/11 | AA11: Ngày 11/11 | AB11: Ngày 13/11 | AC11: Ngày 14/11 | AD11: Ngày 15/11 | AE11: Ngày 21/11 | AF11: Ngày 23/11 | AG11: Ngày 24/11 | AH11: Ngày 25/11 | AI11: Ngày 27/11 | AJ11: Ngày 28/11 | AK11: Tổng cấp phát
B12: (1) | C12: (2) | D12: (3) | E12: (4) | F12: (5) | G12: (6.1) | H12: (6.2) | I12: (6.3) | J12: (6.4) | K12: (6.5) | L12: (6.6) | M12: (6.7) | N12: (6.8) | O12: (6.9) | P12: (6.10) | Q12: (6.11) | R12: (6.12) | S12: (6.13) | T12: (6.14) | U12: (6)=∑(6.i) | V12: (7.1) | W12: (7.2) | X12: (7.3) | Y12: (7.4) | Z12: (7.5) | AA12: (7.7) | AB12: (7.8) | AC12: (7.9) | AD12: (7.10) | AE12: (7.11) | AF12: (7.12) | AG12: (7.13) | AH12: (7.14) | AI12: (7.15) | AJ12: (7.16) | AK12: (7)=∑(7.i) | AL12: (8)=(5)+(6)-(7) | AM12: (9)
B13: 1 | C13: Thẻ cảm ứng dùng cho máy chấm công Mifare 13.56 Mhz | E13: Cái | F13: ='T07'!AL13 -> #VALUE! | U13: =SUM(G13:T13) -> 0 | AK13: =SUM(V13:AJ13) -> 0 | AL13: =F13+U13-AK13 -> #VALUE! | AM13: Không đề nghị lãnh. Chỉ thu hồi từ các khâu
B14: TC | F14: =F13 -> #VALUE! | G14: =G13 -> 0 | H14: =H13 -> 0 | I14: =I13 -> 0 | J14: =J13 -> 0 | K14: =K13 -> 0 | L14: =L13 -> 0 | M14: =M13 -> 0 | ... AL14: =AL13 -> #VALUE!
F15: Nhóm Trưởng | U15: Người báo cáo
F19: Hà Lương Xuân Bách
U20: Nguyễn Trung Tín
B21: * Ghi chú:
B22: - Cột (3) Định mức sử dụng tối đa của Bộ phận/ Khâu được BGĐXN xét duyệt.
B23: - Cột (4) Đơn vị tính của từng loại vật tư theo dõi
B24: - Cột (5) Tồn đầu kỳ của tháng trước được mang sang.
B25: - Cột (6) Số lượng đề nghị lãnh tương ứng với từng khoảng thời gian yêu cầu của các Bộ phận/ Khâu sử dụng được nhận từ Văn Phòng XN
B26: - Cột (7) Số lượng cấp phát sử dụng tại Bộ phận/ Khâu.
B27: - Cột (8) = (5)+(6)-(7) Số lượng cuối kỳ của Bộ phận/ Khâu.
B28: - Khâu/ Bộ phận có phát sinh sử dụng gửi báo cáo theo dõi về Văn phòng XN trước ngày 05 hàng tháng.

Sheet T09
B1: CÔNG TY CP THUỶ SẢN SÓC TRĂNG | AK1: BM: 19-XNTL
B2: Đơn vị: XN TÂN LONG | AK2: TC: 00
B3: Bộ phận: VPXN - Tổ IT | AK3: NBH: 15/12/2024
B4: BIỂU MẪU THEO DÕI LÃNH, CẤP PHÁT SỬ DỤNG, TỒN MỰC IN, GIẤY, THẺ, RUY BĂNG
B5: THÁNG: 09/2026
B7: Bộ phận thực hiện theo dõi như sau:
B9: STT | C9: TÊN VẬT TƯ | D9: ĐỊNH MỨC SỬ DỤNG QUY ĐỊNH | E9: ĐƠN VỊ TÍNH | F9: TỒN ĐẦU KỲ | G9: KẾ HOẠCH/ĐỀ NGHỊ LÃNH | V9: CẤP PHÁT/ SỬ DỤNG | AL9: TỒN CUỐI KỲ | AM9: Ghi chú
F10: Số lượng | G10: Số lượng | U10: Số lượng | AL10: Số lượng (cái)
G11: Ngày 1/11 | H11: Ngày 2/11 | I11: Ngày 3/11 | J11: Ngày 7/11 | K11: Ngày 9/11 | L11: Ngày 11/11 | M11: Ngày 12/11 | N11: Ngày 13/11 | O11: Ngày 15/11 | P11: Ngày 16/11 | Q11: Ngày 22/11 | R11: Ngày 23/11 | S11: Ngày 24/11 | T11: Ngày 27/11 | U11: Tổng đề nghị lãnh | V11: Ngày 1/11 | W11: Ngày 6/11 | X11: Ngày 7/11 | Y11: Ngày 8/11 | Z11: Ngày 10/11 | AA11: Ngày 11/11 | AB11: Ngày 13/11 | AC11: Ngày 14/11 | AD11: Ngày 15/11 | AE11: Ngày 21/11 | AF11: Ngày 23/11 | AG11: Ngày 24/11 | AH11: Ngày 25/11 | AI11: Ngày 27/11 | AJ11: Ngày 28/11 | AK11: Tổng cấp phát
B12: (1) | C12: (2) | D12: (3) | E12: (4) | F12: (5) | G12: (6.1) | H12: (6.2) | I12: (6.3) | J12: (6.4) | K12: (6.5) | L12: (6.6) | M12: (6.7) | N12: (6.8) | O12: (6.9) | P12: (6.10) | Q12: (6.11) | R12: (6.12) | S12: (6.13) | T12: (6.14) | U12: (6)=∑(6.i) | V12: (7.1) | W12: (7.2) | X12: (7.3) | Y12: (7.4) | Z12: (7.5) | AA12: (7.7) | AB12: (7.8) | AC12: (7.9) | AD12: (7.10) | AE12: (7.11) | AF12: (7.12) | AG12: (7.13) | AH12: (7.14) | AI12: (7.15) | AJ12: (7.16) | AK12: (7)=∑(7.i) | AL12: (8)=(5)+(6)-(7) | AM12: (9)
B13: 1 | C13: Thẻ cảm ứng dùng cho máy chấm công Mifare 13.56 Mhz | E13: Cái | F13: ='T08'!AL13 -> #VALUE! | U13: =SUM(G13:T13) -> 0 | AK13: =SUM(V13:AJ13) -> 0 | AL13: =F13+U13-AK13 -> #VALUE! | AM13: Không đề nghị lãnh. Chỉ thu hồi từ các khâu
B14: TC | F14: =F13 -> #VALUE! | G14: =G13 -> 0 | H14: =H13 -> 0 | I14: =I13 -> 0 | J14: =J13 -> 0 | K14: =K13 -> 0 | L14: =L13 -> 0 | M14: =M13 -> 0 | ... AL14: =AL13 -> #VALUE!
F15: Nhóm Trưởng | U15: Người báo cáo
F19: Hà Lương Xuân Bách
U20: Nguyễn Trung Tín
B21: * Ghi chú:
B22: - Cột (3) Định mức sử dụng tối đa của Bộ phận/ Khâu được BGĐXN xét duyệt.
B23: - Cột (4) Đơn vị tính của từng loại vật tư theo dõi
B24: - Cột (5) Tồn đầu kỳ của tháng trước được mang sang.
B25: - Cột (6) Số lượng đề nghị lãnh tương ứng với từng khoảng thời gian yêu cầu của các Bộ phận/ Khâu sử dụng được nhận từ Văn Phòng XN
B26: - Cột (7) Số lượng cấp phát sử dụng tại Bộ phận/ Khâu.
B27: - Cột (8) = (5)+(6)-(7) Số lượng cuối kỳ của Bộ phận/ Khâu.
B28: - Khâu/ Bộ phận có phát sinh sử dụng gửi báo cáo theo dõi về Văn phòng XN trước ngày 05 hàng tháng.

Sheet T10
B1: CÔNG TY CP THUỶ SẢN SÓC TRĂNG | AK1: BM: 19-XNTL
B2: Đơn vị: XN TÂN LONG | AK2: TC: 00
B3: Bộ phận: VPXN - Tổ IT | AK3: NBH: 15/12/2024
B4: BIỂU MẪU THEO DÕI LÃNH, CẤP PHÁT SỬ DỤNG, TỒN MỰC IN, GIẤY, THẺ, RUY BĂNG
B5: THÁNG: 10/2026
B6: - Căn cứ vào định mức sử dụng mực in, giấy, thẻ, ruy băng (tối đa) tại XNTL của Lãnh đạo XNTL ký ngày 13/06/2025 ;
B7: Bộ phận thực hiện theo dõi như sau:
B9: STT | C9: TÊN VẬT TƯ | D9: ĐỊNH MỨC SỬ DỤNG QUY ĐỊNH | E9: ĐƠN VỊ TÍNH | F9: TỒN ĐẦU KỲ | G9: KẾ HOẠCH/ĐỀ NGHỊ LÃNH | V9: CẤP PHÁT/ SỬ DỤNG | AL9: TỒN CUỐI KỲ | AM9: Ghi chú
F10: Số lượng | G10: Số lượng | U10: Số lượng | AL10: Số lượng (cái)
G11: Ngày 1/11 | H11: Ngày 2/11 | I11: Ngày 3/11 | J11: Ngày 7/11 | K11: Ngày 9/11 | L11: Ngày 11/11 | M11: Ngày 12/11 | N11: Ngày 13/11 | O11: Ngày 15/11 | P11: Ngày 16/11 | Q11: Ngày 22/11 | R11: Ngày 23/11 | S11: Ngày 24/11 | T11: Ngày 27/11 | U11: Tổng đề nghị lãnh | V11: Ngày 1/11 | W11: Ngày 6/11 | X11: Ngày 7/11 | Y11: Ngày 8/11 | Z11: Ngày 10/11 | AA11: Ngày 11/11 | AB11: Ngày 13/11 | AC11: Ngày 14/11 | AD11: Ngày 15/11 | AE11: Ngày 21/11 | AF11: Ngày 23/11 | AG11: Ngày 24/11 | AH11: Ngày 25/11 | AI11: Ngày 27/11 | AJ11: Ngày 28/11 | AK11: Tổng cấp phát
B12: (1) | C12: (2) | D12: (3) | E12: (4) | F12: (5) | G12: (6.1) | H12: (6.2) | I12: (6.3) | J12: (6.4) | K12: (6.5) | L12: (6.6) | M12: (6.7) | N12: (6.8) | O12: (6.9) | P12: (6.10) | Q12: (6.11) | R12: (6.12) | S12: (6.13) | T12: (6.14) | U12: (6)=∑(6.i) | V12: (7.1) | W12: (7.2) | X12: (7.3) | Y12: (7.4) | Z12: (7.5) | AA12: (7.7) | AB12: (7.8) | AC12: (7.9) | AD12: (7.10) | AE12: (7.11) | AF12: (7.12) | AG12: (7.13) | AH12: (7.14) | AI12: (7.15) | AJ12: (7.16) | AK12: (7)=∑(7.i) | AL12: (8)=(5)+(6)-(7) | AM12: (9)
B13: 1 | C13: Thẻ cảm ứng dùng cho máy chấm công Mifare 13.56 Mhz | E13: Cái | F13: ='T09'!AL13 -> #VALUE! | U13: =SUM(G13:T13) -> 0 | AK13: =SUM(V13:AJ13) -> 0 | AL13: =F13+U13-AK13 -> #VALUE! | AM13: Không đề nghị lãnh. Chỉ thu hồi từ các khâu
B14: TC | F14: =F13 -> #VALUE! | G14: =G13 -> 0 | H14: =H13 -> 0 | I14: =I13 -> 0 | J14: =J13 -> 0 | K14: =K13 -> 0 | L14: =L13 -> 0 | M14: =M13 -> 0 | ... AL14: =AL13 -> #VALUE!
F15: Nhóm Trưởng | U15: Người báo cáo
F19: Hà Lương Xuân Bách
U20: Nguyễn Trung Tín
B21: * Ghi chú:
B22: - Cột (3) Định mức sử dụng tối đa của Bộ phận/ Khâu được BGĐXN xét duyệt.
B23: - Cột (4) Đơn vị tính của từng loại vật tư theo dõi
B24: - Cột (5) Tồn đầu kỳ của tháng trước được mang sang.
B25: - Cột (6) Số lượng đề nghị lãnh tương ứng với từng khoảng thời gian yêu cầu của các Bộ phận/ Khâu sử dụng được nhận từ Văn Phòng XN
B26: - Cột (7) Số lượng cấp phát sử dụng tại Bộ phận/ Khâu.
B27: - Cột (8) = (5)+(6)-(7) Số lượng cuối kỳ của Bộ phận/ Khâu.
B28: - Khâu/ Bộ phận có phát sinh sử dụng gửi báo cáo theo dõi về Văn phòng XN trước ngày 05 hàng tháng.

Sheet T11
B1: CÔNG TY CP THUỶ SẢN SÓC TRĂNG | AK1: BM: 19-XNTL
B2: Đơn vị: XN TÂN LONG | AK2: TC: 00
B3: Bộ phận: VPXN - Tổ IT | AK3: NBH: 15/12/2024
B4: BIỂU MẪU THEO DÕI LÃNH, CẤP PHÁT SỬ DỤNG, TỒN MỰC IN, GIẤY, THẺ, RUY BĂNG
B5: THÁNG: 11/2026
B6: - Căn cứ vào định mức sử dụng mực in, giấy, thẻ, ruy băng (tối đa) tại XNTL của Lãnh đạo XNTL ký ngày 13/06/2025 ;
B7: Bộ phận thực hiện theo dõi như sau:
B9: STT | C9: TÊN VẬT TƯ | D9: ĐỊNH MỨC SỬ DỤNG QUY ĐỊNH | E9: ĐƠN VỊ TÍNH | F9: TỒN ĐẦU KỲ | G9: KẾ HOẠCH/ĐỀ NGHỊ LÃNH | V9: CẤP PHÁT/ SỬ DỤNG | AL9: TỒN CUỐI KỲ | AM9: Ghi chú
F10: Số lượng | G10: Số lượng | U10: Số lượng | AL10: Số lượng (cái)
G11: Ngày 1/11 | H11: Ngày 2/11 | I11: Ngày 3/11 | J11: Ngày 7/11 | K11: Ngày 9/11 | L11: Ngày 11/11 | M11: Ngày 12/11 | N11: Ngày 13/11 | O11: Ngày 15/11 | P11: Ngày 16/11 | Q11: Ngày 22/11 | R11: Ngày 23/11 | S11: Ngày 24/11 | T11: Ngày 27/11 | U11: Tổng đề nghị lãnh | V11: Ngày 1/11 | W11: Ngày 6/11 | X11: Ngày 7/11 | Y11: Ngày 8/11 | Z11: Ngày 10/11 | AA11: Ngày 11/11 | AB11: Ngày 13/11 | AC11: Ngày 14/11 | AD11: Ngày 15/11 | AE11: Ngày 21/11 | AF11: Ngày 23/11 | AG11: Ngày 24/11 | AH11: Ngày 25/11 | AI11: Ngày 27/11 | AJ11: Ngày 28/11 | AK11: Tổng cấp phát
B12: (1) | C12: (2) | D12: (3) | E12: (4) | F12: (5) | G12: (6.1) | H12: (6.2) | I12: (6.3) | J12: (6.4) | K12: (6.5) | L12: (6.6) | M12: (6.7) | N12: (6.8) | O12: (6.9) | P12: (6.10) | Q12: (6.11) | R12: (6.12) | S12: (6.13) | T12: (6.14) | U12: (6)=∑(6.i) | V12: (7.1) | W12: (7.2) | X12: (7.3) | Y12: (7.4) | Z12: (7.5) | AA12: (7.7) | AB12: (7.8) | AC12: (7.9) | AD12: (7.10) | AE12: (7.11) | AF12: (7.12) | AG12: (7.13) | AH12: (7.14) | AI12: (7.15) | AJ12: (7.16) | AK12: (7)=∑(7.i) | AL12: (8)=(5)+(6)-(7) | AM12: (9)
B13: 1 | C13: Thẻ cảm ứng dùng cho máy chấm công Mifare 13.56 Mhz | E13: Cái | F13: ='T10'!AL13 -> #VALUE! | U13: =SUM(G13:T13) -> 0 | AK13: =SUM(V13:AJ13) -> 0 | AL13: =F13+U13-AK13 -> #VALUE! | AM13: Không đề nghị lãnh. Chỉ thu hồi từ các khâu
B14: TC | F14: =F13 -> #VALUE! | G14: =G13 -> 0 | H14: =H13 -> 0 | I14: =I13 -> 0 | J14: =J13 -> 0 | K14: =K13 -> 0 | L14: =L13 -> 0 | M14: =M13 -> 0 | ... AL14: =AL13 -> #VALUE!
F15: Nhóm Trưởng | U15: Người báo cáo
F19: Hà Lương Xuân Bách
U20: Nguyễn Trung Tín
B21: * Ghi chú:
B22: - Cột (3) Định mức sử dụng tối đa của Bộ phận/ Khâu được BGĐXN xét duyệt.
B23: - Cột (4) Đơn vị tính của từng loại vật tư theo dõi
B24: - Cột (5) Tồn đầu kỳ của tháng trước được mang sang.
B25: - Cột (6) Số lượng đề nghị lãnh tương ứng với từng khoảng thời gian yêu cầu của các Bộ phận/ Khâu sử dụng được nhận từ Văn Phòng XN
B26: - Cột (7) Số lượng cấp phát sử dụng tại Bộ phận/ Khâu.
B27: - Cột (8) = (5)+(6)-(7) Số lượng cuối kỳ của Bộ phận/ Khâu.
B28: - Khâu/ Bộ phận có phát sinh sử dụng gửi báo cáo theo dõi về Văn phòng XN trước ngày 05 hàng tháng.

Sheet T12
B1: CÔNG TY CP THUỶ SẢN SÓC TRĂNG | AK1: BM: 19-XNTL
B2: Đơn vị: XN TÂN LONG | AK2: TC: 00
B3: Bộ phận: VPXN - Tổ IT | AK3: NBH: 15/12/2024
B4: BIỂU MẪU THEO DÕI LÃNH, CẤP PHÁT SỬ DỤNG, TỒN MỰC IN, GIẤY, THẺ, RUY BĂNG
B5: THÁNG: 12/2026
B6: - Căn cứ vào định mức sử dụng mực in, giấy, thẻ, ruy băng (tối đa) tại XNTL của Lãnh đạo XNTL ký ngày 13/06/2025 ;
B7: Bộ phận thực hiện theo dõi như sau:
B9: STT | C9: TÊN VẬT TƯ | D9: ĐỊNH MỨC SỬ DỤNG QUY ĐỊNH | E9: ĐƠN VỊ TÍNH | F9: TỒN ĐẦU KỲ | G9: KẾ HOẠCH/ĐỀ NGHỊ LÃNH | V9: CẤP PHÁT/ SỬ DỤNG | AL9: TỒN CUỐI KỲ | AM9: Ghi chú
F10: Số lượng | G10: Số lượng | U10: Số lượng | AL10: Số lượng (cái)
G11: Ngày 1/11 | H11: Ngày 2/11 | I11: Ngày 3/11 | J11: Ngày 7/11 | K11: Ngày 9/11 | L11: Ngày 11/11 | M11: Ngày 12/11 | N11: Ngày 13/11 | O11: Ngày 15/11 | P11: Ngày 16/11 | Q11: Ngày 22/11 | R11: Ngày 23/11 | S11: Ngày 24/11 | T11: Ngày 27/11 | U11: Tổng đề nghị lãnh | V11: Ngày 1/11 | W11: Ngày 6/11 | X11: Ngày 7/11 | Y11: Ngày 8/11 | Z11: Ngày 10/11 | AA11: Ngày 11/11 | AB11: Ngày 13/11 | AC11: Ngày 14/11 | AD11: Ngày 15/11 | AE11: Ngày 21/11 | AF11: Ngày 23/11 | AG11: Ngày 24/11 | AH11: Ngày 25/11 | AI11: Ngày 27/11 | AJ11: Ngày 28/11 | AK11: Tổng cấp phát
B12: (1) | C12: (2) | D12: (3) | E12: (4) | F12: (5) | G12: (6.1) | H12: (6.2) | I12: (6.3) | J12: (6.4) | K12: (6.5) | L12: (6.6) | M12: (6.7) | N12: (6.8) | O12: (6.9) | P12: (6.10) | Q12: (6.11) | R12: (6.12) | S12: (6.13) | T12: (6.14) | U12: (6)=∑(6.i) | V12: (7.1) | W12: (7.2) | X12: (7.3) | Y12: (7.4) | Z12: (7.5) | AA12: (7.7) | AB12: (7.8) | AC12: (7.9) | AD12: (7.10) | AE12: (7.11) | AF12: (7.12) | AG12: (7.13) | AH12: (7.14) | AI12: (7.15) | AJ12: (7.16) | AK12: (7)=∑(7.i) | AL12: (8)=(5)+(6)-(7) | AM12: (9)
B13: 1 | C13: Thẻ cảm ứng dùng cho máy chấm công Mifare 13.56 Mhz | E13: Cái | F13: ='T11'!AL13 -> #VALUE! | U13: =SUM(G13:T13) -> 0 | AK13: =SUM(V13:AJ13) -> 0 | AL13: =F13+U13-AK13 -> #VALUE! | AM13: Không đề nghị lãnh. Chỉ thu hồi từ các khâu
B14: TC | F14: =F13 -> #VALUE! | G14: =G13 -> 0 | H14: =H13 -> 0 | I14: =I13 -> 0 | J14: =J13 -> 0 | K14: =K13 -> 0 | L14: =L13 -> 0 | M14: =M13 -> 0 | ... AL14: =AL13 -> #VALUE!
F15: Nhóm Trưởng | U15: Người báo cáo
F19: Hà Lương Xuân Bách
U20: Nguyễn Trung Tín
B21: * Ghi chú:
B22: - Cột (3) Định mức sử dụng tối đa của Bộ phận/ Khâu được BGĐXN xét duyệt.
B23: - Cột (4) Đơn vị tính của từng loại vật tư theo dõi
B24: - Cột (5) Tồn đầu kỳ của tháng trước được mang sang.
B25: - Cột (6) Số lượng đề nghị lãnh tương ứng với từng khoảng thời gian yêu cầu của các Bộ phận/ Khâu sử dụng được nhận từ Văn Phòng XN
B26: - Cột (7) Số lượng cấp phát sử dụng tại Bộ phận/ Khâu.
B27: - Cột (8) = (5)+(6)-(7) Số lượng cuối kỳ của Bộ phận/ Khâu.
B28: - Khâu/ Bộ phận có phát sinh sử dụng gửi báo cáo theo dõi về Văn phòng XN trước ngày 05 hàng tháng.

Sheet Sheet1
B1: Tháng 3 | C1: Tháng 4 | D1: Tháng 5
A2: Thẻ trắng | B2: 571 | C2: 562 | D2: =562-8-2-3-6-1-1 -> 541
A3: Thẻ khắc đã sử dụng | B3: 435 | C3: 435 | D3: 418
A4: Thẻ trả 1 thẻ | B4: 0 | C4: =102+99+61+54+55+69+55+81+74 -> 650 | D4: 643
A5: Thẻ khắc chưa sử dụng | B5: 29 | C5: 83 | D5: 75
A6: Thẻ hư | B6: 139 | C6: =(139-50) -> 89 | D6: =51 -> 51
A7: Tổng | B7: =B2+B3+B4+B5+B6 -> 1174 | C7: =C2+C3+C4+C5+C6 -> 1819 | D7: =D2+D3+D4+D5+D6 -> 1728
A8: Giấy tờ báo | B8: 1016 | C8: 1686 | D8: 1589
A9: Số thẻ dư so với báo cáo | B9: =B7-B8 -> 158 | C9: =C7-C8 -> 133 | D9: =D7-D8 -> 139
D10: Ngày tổng hợp 31/05/2026
